Campaign,Link Text,Final URL,Description Line 1,Description Line 2
QRB | Search | Create DE,Preise,https://qrbanner.com/de/pricing,Ab Free-Plan,Pro ab $9.99/mo
QRB | Search | Create DE,Funktionen,https://qrbanner.com/de/features,Dynamische QR,Analysen & Routing
QRB | Search | Create DE,Vorlagen,https://qrbanner.com/de/templates,35+ Branchen,"Menü, WiFi, Karten"
QRB | Search | Create DE,vs QR TIGER,https://qrbanner.com/de/vs/qr-tiger,Vergleich,Free & API
QRB | Search | Competitor DE,Preise,https://qrbanner.com/de/pricing,Ab Free-Plan,Pro ab $9.99/mo
QRB | Search | Competitor DE,Funktionen,https://qrbanner.com/de/features,Dynamische QR,Analysen & Routing
QRB | Search | Competitor DE,Vorlagen,https://qrbanner.com/de/templates,35+ Branchen,"Menü, WiFi, Karten"
QRB | Search | Competitor DE,vs QR TIGER,https://qrbanner.com/de/vs/qr-tiger,Vergleich,Free & API
QRB | Search | Use cases DE,Preise,https://qrbanner.com/de/pricing,Ab Free-Plan,Pro ab $9.99/mo
QRB | Search | Use cases DE,Funktionen,https://qrbanner.com/de/features,Dynamische QR,Analysen & Routing
QRB | Search | Use cases DE,Vorlagen,https://qrbanner.com/de/templates,35+ Branchen,"Menü, WiFi, Karten"
QRB | Search | Use cases DE,vs QR TIGER,https://qrbanner.com/de/vs/qr-tiger,Vergleich,Free & API
