Campaign,Callout Text
QRB | Search | Create DE,1 Free Dynamic QR
QRB | Search | Create DE,14 Tage Pro-Test
QRB | Search | Create DE,Scan-Analysen
QRB | Search | Create DE,API im Free-Plan
QRB | Search | Create DE,Codes bleiben aktiv
QRB | Search | Create DE,35+ Vorlagen
QRB | Search | Create DE,Keine Kreditkarte
QRB | Search | Competitor DE,1 Free Dynamic QR
QRB | Search | Competitor DE,14 Tage Pro-Test
QRB | Search | Competitor DE,Scan-Analysen
QRB | Search | Competitor DE,API im Free-Plan
QRB | Search | Competitor DE,Codes bleiben aktiv
QRB | Search | Competitor DE,35+ Vorlagen
QRB | Search | Competitor DE,Keine Kreditkarte
QRB | Search | Use cases DE,1 Free Dynamic QR
QRB | Search | Use cases DE,14 Tage Pro-Test
QRB | Search | Use cases DE,Scan-Analysen
QRB | Search | Use cases DE,API im Free-Plan
QRB | Search | Use cases DE,Codes bleiben aktiv
QRB | Search | Use cases DE,35+ Vorlagen
QRB | Search | Use cases DE,Keine Kreditkarte
